<?xml version="1.0" encoding="UTF-8"?>
<project-private xmlns="http://www.netbeans.org/ns/project-private/1">
    <editor-bookmarks xmlns="http://www.netbeans.org/ns/editor-bookmarks/2" lastBookmarkId="0"/>
    <open-files xmlns="http://www.netbeans.org/ns/projectui-open-files/2">
        <group>
            <file>file:/C:/Users/17029/OneDrive/Desktop/Fruteria_Lugo/Fruteria_Lugo/src/Ventas/NuevaVenta.java</file>
            <file>file:/C:/Users/17029/OneDrive/Desktop/Fruteria_Lugo/Fruteria_Lugo/src/Compras/NuevaCompra.java</file>
            <file>file:/C:/Users/17029/OneDrive/Desktop/Fruteria_Lugo/Fruteria_Lugo/src/Mainsito/Menu.java</file>
        </group>
    </open-files>
</project-private>
